{"namespace":"lounge_progress",

 "animlogo": {
    "type": "image",
    "size": [ "40%", "40%" ],
    "uv_size": [ 256, 256],
    "texture": "menu/components/loading"
  },
  
  "anim_uv_base": {
    "anim_type": "uv",
    "from": "$uv_frame",
    "to": "$uv_frame",
    "duration": 0.15
  },
 "anim_wait": {
    "anim_type": "wait",
    "duration": 5,
    "next": "@lounge_progress.1_13"
  },
    "anim_wait3": {
    "anim_type": "wait",
    "duration": 1,
    "next": "@lounge_progress.1_01"
  },
    
"1_00@lounge_progress.anim_uv_base": { "$uv_frame": [ 0, 0 ], "next": "@lounge_progress.anim_wait3" },
  "1_01@lounge_progress.anim_uv_base": { "$uv_frame": [ 0, 256 ], "next": "@lounge_progress.1_02" },
  "1_02@lounge_progress.anim_uv_base": { "$uv_frame": [ 0, 512], "next": "@lounge_progress.1_03" },
  "1_03@lounge_progress.anim_uv_base": { "$uv_frame": [ 0, 768  ], "next": "@lounge_progress.1_04" },
  "1_04@lounge_progress.anim_uv_base": { "$uv_frame": [ 0, 1024  ], "next": "@lounge_progress.1_05" },
  "1_05@lounge_progress.anim_uv_base": { "$uv_frame": [ 0, 1280  ], "next": "@lounge_progress.1_06" },
  "1_06@lounge_progress.anim_uv_base": { "$uv_frame": [ 0, 1536], "next": "@lounge_progress.1_07" },
  "1_07@lounge_progress.anim_uv_base": { "$uv_frame": [ 0, 1792  ], "next": "@lounge_progress.1_08" },
  "1_08@lounge_progress.anim_uv_base": { "$uv_frame": [ 0, 2048 ], "next": "@lounge_progress.1_09" },
  "1_09@lounge_progress.anim_uv_base": { "$uv_frame": [ 0, 2304], "next": "@lounge_progress.1_10" },
  "1_10@lounge_progress.anim_uv_base": { "$uv_frame": [ 0, 2560 ], "next": "@lounge_progress.1_11" },
  "1_11@lounge_progress.anim_uv_base": { "$uv_frame": [ 0, 2816 ], "next": "@lounge_progress.1_12" },
  "1_12@lounge_progress.anim_uv_base": { "$uv_frame": [ 0, 3072], "next": "@lounge_progress.anim_wait" },
  "1_13@lounge_progress.anim_uv_base": { "$uv_frame": [ 0,3328], "next": "@lounge_progress.1_01" },
  


"lounge_content":{
"type":"panel",
 "size":["100%","100%"],
 "controls":[
 {"loading_panel":{
 "type":"panel",
 "size":[200,150],
 "controls":[
{"animlogoo@lounge_progress.animlogo":{"anchor_from":"center","anchor_to":"center","layer":10,"uv":"@lounge_progress.1_00","offset":[1,-20]}},
{"mainbg":{
 "type":"image",
 "texture":"menu/components/middle",
 "size":["100%","100%"],
 "layer":1}},
 

 
 {"popup_dialog_factory@progress.popup_dialog_factory": {} },
 


 {"loading_label":{"type":"label","size":["default",20],"text":"#title_text","font_type":"smooth","font_scale_factor":1.2,"layer":5,"anchor_from":"middle","anchor_to":"middle","offset":[0,37],"bindings":[{"binding_name":"#title_text"}]}},
 {"cancel_button@resume1_button.resume1_button":{"size":[170,20],"$button_text":"Cancel","anchor_from":"bottom_middle","anchor_to":"bottom_middle","offset":[0,-10],"$pressed_button_name":"button.menu_exit","layer":10,"bindings":[{"binding_name":"#cancel_visible","binding_name_override":"#visible"}]}}]}},
 {:{
 "type":"panel",
 "size":["100%",24],
 "anchor_from":"bottom_left",
 "anchor_to":"bottom_left",
 "layer":10,
 "controls":[
{"loading_bar":{"type":"image","texture":"menu/components/loadingbar","size":[3000,12],"offset":[3000,0],"layer":10,"anchor_from":"bottom_left","anchor_to":"bottom_left","anims":["@lounge_progress.loading_bar_anim_1"]}},{"lol":{"type":"label","font_type":"smooth","font_scale_factor":1.1,"text":"Please Wait...","anchor_from":"top_left","anchor_to":"top_left","offset":[2,0]}}]}}]}}